No,회사,제목,지역,상세보기
1,(주)와우리츠,"부동산 경매, 공매 (국내, 해외)영업 신입, 경력직 채용",서울 강남구 외,https://job.incruit.com/jobdb_info/jobpost.asp?job=2609100000902&src=etc*search
2,엑스다임 (주),외국계 유명  환경솔루션 기업-HR Manager,경기 성남시 분당구 외,https://job.incruit.com/jobdb_info/jobpost.asp?job=2609150004510&src=etc*search
3,제이앤파트너즈코리아 (주),[IT상장사] IR공시 및 홍보 경력직,서울 서초구,https://job.incruit.com/jobdb_info/jobpost.asp?job=2609090000974&src=etc*search
4,제이앤파트너즈코리아 (주),[IT상장사] 내부감사 경력직,서울 서초구,https://job.incruit.com/jobdb_info/jobpost.asp?job=2609090000985&src=etc*search
5,엑스다임 (주),환경솔루션 그룹 -그룹총괄 HR Director,서울,https://job.incruit.com/jobdb_info/jobpost.asp?job=2609230002988&src=etc*search
6,엑스다임 (주),국내 유명 HR 컨설팅기업-HRD Consultant,서울,https://job.incruit.com/jobdb_info/jobpost.asp?job=2609070001035&src=etc*search
7,퀀텀빌더스,통신사 결제 서비스 백엔드 개발자 모집,서울 중구 외,https://job.incruit.com/jobdb_info/jobpost.asp?job=2609160002094&src=etc*search
8,한국맥도날드유한회사,[한국맥도날드유한회사] 정규직 Manager Trainee 레스토랑매니저 공개채용,전국,https://job.incruit.com/jobdb_info/jobpost.asp?job=2609230003059&src=etc*search
9,제이앤파트너즈코리아 (주),[중견제약사] 재경 경력직,서울 서초구,https://job.incruit.com/jobdb_info/jobpost.asp?job=2609090001017&src=etc*search
10,"주식회사 숲(SOOP CO., LTD.)",여행 생태계 확장 및 콘텐츠 사업,서울,https://job.incruit.com/jobdb_info/jobpost.asp?job=2608120003721&src=etc*search
11,(주)스타벅스커피코리아,스타벅스 27년 신입사원 채용,서울 중구 외,https://job.incruit.com/jobdb_info/jobpost.asp?job=2609180000406&src=etc*search
12,(주)비전솔루션,[선릉역/평일근무]  LG전자 이전설치 상담 업무 ( 영업아님),서울 외,https://job.incruit.com/jobdb_info/jobpost.asp?job=2609170001038&src=etc*search
13,쿠팡풀필먼트서비스 유한회사(Coupang Fulfillment Services Ltd.),[쿠팡풀필먼트서비스] 물류센터 보건 담당자 (전라광주 3센터),전남광주 광산구,https://job.incruit.com/jobdb_info/jobpost.asp?job=2608250000010&src=etc*search
14,(사)중소기업기술혁신협회 강원지회,[훈련수당지급] 2026 강원형미래인력양성사업 G-바이오 혁신인재 양성과정 교육생 모집,강원 원주시,https://job.incruit.com/jobdb_info/jobpost.asp?job=2609090001011&src=etc*search
15,에스케이쉴더스,(채용연계) SK쉴더스 생성형 AI활용 사이버보안 전문가 양성과정 36기 교육생 모집,경기 성남시 분당구 외,https://job.incruit.com/jobdb_info/jobpost.asp?job=2609230000908&src=etc*search
16,한국교육학술정보원,2026년 제6차 청년인턴(장애·보훈) 채용 공고,대구 동구,https://job.incruit.com/jobdb_info/jobpost.asp?job=2609220001043&src=etc*search
17,한국기술교육대학교,[무료] 26년 3분기 민간 고용서비스종사자 보수교육 신청,서울 구로구 외,https://job.incruit.com/jobdb_info/jobpost.asp?job=2608140002013&src=etc*search
18,(재)부산디자인진흥원,아난티와 함께하는 2026년 K-뉴딜 아카데미 2기 모집,부산 해운대구 외,https://job.incruit.com/jobdb_info/jobpost.asp?job=2609230001933&src=etc*search
19,한국교육학술정보원,2026년 제6차 직원(무기계약직-운영직) 채용 공고,대구 동구,https://job.incruit.com/jobdb_info/jobpost.asp?job=2609220001056&src=etc*search
20,(주)풍산,2026 풍산그룹 대졸 신입사원 모집,서울 외,https://job.incruit.com/jobdb_info/jobpost.asp?job=2609140000804&src=etc*search
21,한국토지주택공사,2026년 하반기 한국토지주택공사 신입사원(5급-6급) 공채,경남 진주시 외,https://job.incruit.com/jobdb_info/jobpost.asp?job=2609170002022&src=etc*search
22,(주)크래프톤,[Bluehole Studio] 테크니컬 프로젝트 매니저 (TPM) - Project V,경기 성남시 분당구,https://job.incruit.com/jobdb_info/jobpost.asp?job=2608050000046&src=etc*search
23,(주)하나은행,2026년 하반기 하나은행 NEXT CAREER 경력 정규직 채용,서울 중구 외,https://job.incruit.com/jobdb_info/jobpost.asp?job=2609230000777&src=etc*search
24,한국수자원공사,2026년 하반기 한국수자원공사 채용 공고,대전 대덕구 외,https://job.incruit.com/jobdb_info/jobpost.asp?job=2609220002155&src=etc*search
25,주식회사 무신사,Outdoor MD (29CM),서울 성동구,https://job.incruit.com/jobdb_info/jobpost.asp?job=2608260000001&src=etc*search
26,(주)비전솔루션,[신도림역/면접비 현장지급]  해외유명 온라인 쇼핑몰 T사 CS업무 (전화상담),서울 구로구 외,https://job.incruit.com/jobdb_info/jobpost.asp?job=2609100000992&src=etc*search
27,(주)비전솔루션,"[신도림역 / 채팅상담 ] 해외 유명 온라인쇼핑몰 T 사 , 주간/반심야 선택가능/면접비지급",서울 구로구 외,https://job.incruit.com/jobdb_info/jobpost.asp?job=2609100000945&src=etc*search
28,(주)풍산,2026년 하반기 풍산 드론 R&D 경력직 채용,대전,https://job.incruit.com/jobdb_info/jobpost.asp?job=2608040002193&src=etc*search
29,(주)부영주택,부영그룹 경력사원 모집,서울,https://job.incruit.com/jobdb_info/jobpost.asp?job=2609180002081&src=etc*search
30,(주)비전솔루션,[신규런칭 / 구로디지털단지역]  글로벌 온라인 여행예약 사이트 CS업무,서울 구로구 외,https://job.incruit.com/jobdb_info/jobpost.asp?job=2609100001001&src=etc*search
